"time","mean","lb","ub","true_surv"
0.00120120115392813,0.998698500548386,0.997715731271621,0.999671663141136,0.999958386904764
0.00515971119615195,0.997398993799608,0.995436680433793,0.99934343408742,0.999629564083893
0.0133360258733803,0.996101476412079,0.993162835567417,0.999015312803457,0.998461537667545
0.0223864996823984,0.99480594505017,0.990894184780627,0.99868729925386,0.996656910058196
0.0242866841255181,0.993512396384192,0.988630716208715,0.998359393403258,0.996223157495042
0.0244504856175863,0.992220827090393,0.986372418014081,0.998031595216288,0.996184955264556
0.0345832271287823,0.99093123385094,0.98411927838616,0.9977039046576,0.993590702270071
0.0414250183667545,0.989482258944136,0.981871285541369,0.996711861857061,0.991605834941349
0.0453878222378663,0.988035598774029,0.979628427723042,0.995875904486273,0.990378860424865
0.0584481234284096,0.986591249367948,0.977390693201366,0.99508661374975,0.985971420459802
0.0705967180679182,0.985149206760459,0.975158070273326,0.994384303864382,0.981420333808776
0.0735318584249998,0.983709466993356,0.972930547262636,0.993694599968347,0.980261243550946
0.0783439074726037,0.982272026115642,0.970708112519683,0.992981016711156,0.978313687449664
0.0908853292964012,0.980837324579804,0.968490754421468,0.99218568901043,0.972976621592807
0.0980760255479576,0.97940491268179,0.966124428031673,0.991471042147826,0.969756710862107
0.106067097213134,0.977974786495722,0.96381684358279,0.990676937720276,0.966050687010272
0.106900033746241,0.97654694210287,0.961599366859286,0.990002300555709,0.965656944410293
0.109328256623125,0.975121375591637,0.959386991938128,0.989362460589617,0.964501260983958
0.110284079654981,0.973698083057545,0.957179707081475,0.988734879799333,0.964043183344788
0.11637555006307,0.972277060603223,0.954977500578494,0.988114970536496,0.961082719573107
0.120116666304087,0.970855425354285,0.952780360745293,0.98744267215073,0.959230114214735
0.128205638453321,0.96943606140027,0.950588275924862,0.986804166990551,0.955138316375983
0.129733248604179,0.968018964843744,0.948401234487011,0.986166307484585,0.954352725806104
0.13960897713014,0.966604131794371,0.946219224828307,0.985557934269103,0.949179448963162
0.145605407698518,0.965191558368898,0.944042235372015,0.984962668015415,0.945961177643625
0.147346564543983,0.963781240691143,0.941870254568034,0.984367907127686,0.945016173740968
0.149365267890543,0.96237317489198,0.939677817300696,0.983763066682221,0.943914717341657
0.152319322901014,0.960967357109325,0.937513684383425,0.98310155305464,0.942291804520742
0.157400241076438,0.959563783488126,0.935355740993432,0.982440093533302,0.939470178931131
0.173390477642545,0.957951159841798,0.933158543401171,0.981054001217654,0.930352142645905
0.176348675034565,0.956341524015687,0.930390417488274,0.979529369470999,0.928627539373928
0.177339702134459,0.954734869900459,0.928068946445604,0.978212508258277,0.928047244651156
0.178127490935222,0.953131191400463,0.926092319659542,0.976905141808796,0.927585056782614
0.181756181561094,0.951530482433697,0.924151787288866,0.975625584534746,0.925445966266757
0.182223530704635,0.949932736931775,0.921848055965233,0.974224368564555,0.925169263221273
0.185173230173454,0.948337948839899,0.91938313317669,0.972860047871902,0.923416586508752
0.196727541933296,0.946746112116816,0.917058502411615,0.971548397541018,0.916450221728461
0.199286948786097,0.945152932085585,0.914914952344094,0.970418615643654,0.91488605796477
0.199580581048681,0.943562708024202,0.912511750068999,0.969345387356771,0.914706132467064
0.210690774005342,0.941975433884774,0.910073693891847,0.968273346106565,0.907828503502256
0.215913190057635,0.940391103632949,0.907662533867951,0.967059282256434,0.904550179838189
0.217398083881812,0.938809711247876,0.905517360319112,0.965795696255466,0.903612930085787
0.219931824656573,0.937231250722177,0.903281707372331,0.964604490145984,0.902008519226397
0.223446354901396,0.935655716061915,0.900805127614618,0.963534748492512,0.899772485738903
0.224376431924197,0.934083101286558,0.898218007393664,0.962541958541879,0.899178720471614
0.234232664105625,0.932513400428949,0.89574079446662,0.961604111400508,0.892835822027842
0.245880282653845,0.931370396812329,0.894040159827779,0.960973323486318,0.885226116850445
0.249111988918267,0.930229116994866,0.892749211855563,0.960345632646372,0.883093969446153
0.257261992684419,0.929089557779055,0.891259501621989,0.959662787155643,0.877678730777941
0.257624840208231,0.927951715974649,0.889701572245347,0.958961851462719,0.877436397545981
0.266339779456023,0.926815588398646,0.887169012097184,0.95827897248635,0.871585375502074
0.277368292020056,0.923868226865842,0.883736463513223,0.955984296089293,0.864100413209689
0.279364481141292,0.920930781369312,0.879636649992016,0.95373473938014,0.862736440978753
0.282835895186924,0.918003216773394,0.875836968851203,0.951463886180024,0.860358013936261
0.288472929073347,0.915085498073014,0.871471101837265,0.94922159924105,0.856478808283841
0.302024353175539,0.912177590393176,0.867728967747548,0.947012598033101,0.84707148685498
0.302377225405881,0.909279458988453,0.863576002994585,0.944787882652537,0.846825053852443
0.31557285930558,0.906392100553309,0.85969497731411,0.942684264553535,0.837559573909625
0.31671384972785,0.903514444131325,0.85654319352957,0.940574743948761,0.836753993889218
0.317315527832449,0.900646455382117,0.852609333998625,0.93878803394246,0.836328915165439
0.321909674217759,0.897788100092809,0.848693542336492,0.936482099438125,0.83307710247892
0.322439622224056,0.894939344177534,0.84471885085148,0.934822637738425,0.832701312989931
0.328033326556982,0.892100153676945,0.840909077354688,0.932726609550733,0.828726404386093
0.338291133838499,0.889270494757722,0.837068159666949,0.930847748887841,0.821399143498256
0.339323038473293,0.886450333712083,0.833414427442798,0.928659865635139,0.820659445849433
0.35126981992712,0.883639636957297,0.829776644614159,0.92674688813182,0.812063367385947
0.352056244178393,0.880838371035201,0.826155961920656,0.925103176469965,0.811495510187692
0.355103989380452,0.877978394815847,0.822639244206032,0.923092926519994,0.809292587602823
0.356189826860452,0.875128326610055,0.819016101451534,0.921070966315063,0.808506899547971
0.363306772014051,0.872288130005098,0.815399643347546,0.919044770702813,0.803346696000082
0.366911099675131,0.869457768729309,0.81179714884282,0.917066400994561,0.800726638664264
0.374992225851251,0.866637206651507,0.808210575484814,0.915188600373993,0.794836942555177
0.380163183980399,0.863826407780428,0.804647465526278,0.913168177495883,0.791057744133647
0.384987475946087,0.861025336264156,0.801107443507637,0.911320964941336,0.787525008306412
0.384999136864291,0.858233956389558,0.797582996833574,0.909435627022863,0.787516461483731
0.386075867804473,0.855452232581723,0.794074056971187,0.907676306833906,0.786727118472685
0.388050446522579,0.852680129403399,0.790580555689146,0.90597394017431,0.785278770862565
0.389598918711994,0.849917611554437,0.787102425056364,0.904254506360621,0.784142260819581
0.389941113430145,0.847164643871233,0.783639597440675,0.902404433756593,0.783891022149503
0.390840798188224,0.844421191326177,0.780261058793464,0.900365907153757,0.783230333933542
0.400917603030974,0.843260848948949,0.779320663824512,0.899314391118147,0.775817036510664
0.404238084627876,0.842102185966395,0.77838140245646,0.898399393139101,0.773369193510719
0.404361082209401,0.840945199826575,0.77714244209608,0.8972971950258,0.773278475333626
0.404708695521058,0.839789887981602,0.775971052697745,0.896294458566918,0.773022072385465
0.414115341282054,0.838636247887641,0.774481575326098,0.895350543799166,0.766074538442046
0.414432137450455,0.837484277004896,0.772994957017708,0.894257765305235,0.765840270099414
0.416432142799489,0.836333972797611,0.771511192284562,0.893347459576302,0.764360872409207
0.417913734850128,0.835185332734055,0.770030275649183,0.892443827616915,0.763264497722304
0.423548300984261,0.834038354286523,0.76855245105319,0.891541109722642,0.759091646408761
0.425132685959396,0.832893034931324,0.767168261737168,0.89063930496883,0.757917392523639
0.427977763586828,0.831749372148775,0.766183912077977,0.889735399029137,0.755807868354012
0.428321483775618,0.830607363423199,0.765200833384807,0.88870656657202,0.755552934652899
0.43004294378085,0.829467006242911,0.76382019690097,0.8876338091494,0.754275902948917
0.431457652147153,0.828328298100218,0.76229888493595,0.886637132300621,0.753226133454495
0.432585216725467,0.827191236491408,0.760780603094012,0.885537761974173,0.752389250802461
0.435457137250927,0.825864218764543,0.758637796273227,0.884453992411311,0.750256987713605
0.437500059287498,0.824539460624194,0.756514157635374,0.883580064373233,0.748739621253143
0.439487159204091,0.823216957978144,0.754805987227754,0.882707000229507,0.747263267368504
0.439675047044683,0.821896706742054,0.753342912762209,0.881834799125748,0.747123650388767
0.44036825543223,0.820578702839447,0.751882674537442,0.880963460208418,0.74660850411515
0.442670617364551,0.819262942201694,0.750342748709233,0.880092982624823,0.744897188026783
0.452358995458623,0.817949420767998,0.748954414725747,0.879068528912268,0.737690641976908
0.456302317905037,0.816638134485375,0.747498687358489,0.877945140358011,0.734755394719583
0.458549779142539,0.815329079308642,0.746045789594569,0.876772213592855,0.73308203846372
0.459288605538201,0.814022251200396,0.744127543185043,0.875587958381401,0.732531879434757
0.465676956533222,0.812717646131005,0.742287560329692,0.874405302867486,0.727773749383751
0.4698543647874,0.811415260078586,0.740771390267683,0.873224244890072,0.724661491696055
0.471593628846447,0.810115089028993,0.739272782635312,0.872173762118915,0.723365554163289
0.474293391526344,0.808817145431653,0.73777749242393,0.871193472522649,0.721353812081889
0.479907078419587,0.807521408777639,0.736285227433087,0.870134945488807,0.717170429488687
0.480327479218163,0.806227875076051,0.734855668735385,0.869024515352481,0.716857134021481
0.483987157627418,0.804936540343661,0.733513807534735,0.867915306052446,0.714129841392171
0.487258764026221,0.8036474006049,0.732174397366845,0.866807512534425,0.711691834243118
0.492719957586261,0.802360451891838,0.730837433753125,0.865743223580031,0.707622552791732
0.493502913620295,0.801075690244171,0.729502912223176,0.864630996703039,0.707039211595918
0.494877695937194,0.799793111709206,0.728170828314765,0.863520199953383,0.706014975755722
0.496524093984455,0.798512712341844,0.726841177573821,0.862560290733729,0.704788465048333
0.501372010432592,0.797234488204564,0.725513955554412,0.861622839618448,0.701177554640237
0.506287070704876,0.795958435367412,0.724189157818732,0.860683314219399,0.697517790351186
0.507737832327875,0.794684549907978,0.72286677993709,0.859744813717704,0.696437811856994
0.507801513118878,0.793412827911388,0.721069799253713,0.858807336994812,0.696390409455375
0.508161887086338,0.792143265470284,0.719267053465493,0.857870882933398,0.696122160813286
0.513043809157279,0.7908225536205,0.717468818837756,0.856929641503274,0.692489098481385
0.527254362748835,0.789504183936269,0.715675208222062,0.8558793414762,0.681924764215862
0.530430210766888,0.788188152004703,0.714324357665562,0.854830329177848,0.679566463821581
0.530480460377749,0.786874453421715,0.712988449245478,0.853782603028925,0.679529158628987
0.532329482844749,0.785563083792,0.711655039657207,0.852736161452076,0.678156646226791
0.538248078813176,0.784254038729017,0.710324124225735,0.851719688695414,0.673766035370704
0.538322576072308,0.782947313854969,0.708666513011757,0.850756508280206,0.673710798326123
0.543187307231624,0.781642904800787,0.707010009065829,0.849796565699486,0.670105342119143
0.544643509168341,0.780340807206111,0.705531372726973,0.848835577519772,0.66902670984563
0.545605046753267,0.77904101671927,0.703834451533456,0.847880288089635,0.668314645641103
0.546094114586884,0.777743528997266,0.702043689171539,0.846874286292131,0.66795251788234
0.54914569281173,0.776448339705754,0.700389977864292,0.845818837683189,0.665693772601895
0.549181696956382,0.775155444519026,0.698740164798977,0.844878519813319,0.665667130878396
0.552753736031424,0.773863623820417,0.697108579459025,0.843939247322889,0.663024928649534
0.553095995445294,0.77257409211149,0.695483660101518,0.843001019049711,0.662771865611163
0.55577217177447,0.771286845084658,0.694102974047745,0.842063833832895,0.660793766214121
0.559544345876956,0.770001878440915,0.69245523178183,0.841124779833746,0.658007530579902
0.561598798546113,0.768719187889814,0.69081140113234,0.840044980551736,0.656491055702938
0.561897313050678,0.767438769149453,0.689171472813358,0.838965729502108,0.65627077021217
0.566928835412939,0.76616061794645,0.68753543756101,0.837886133940978,0.652560172839219
0.567693259781965,0.764884730015935,0.685903286133415,0.836846454442508,0.65199683078647
0.572713169158273,0.763611101101524,0.684275009310631,0.835897167054334,0.648300116618008
0.57294348363584,0.762339726955305,0.682650597894604,0.834948956714603,0.648130625452056
0.575645411369857,0.761070603337819,0.681030042709115,0.834001822201047,0.646143016055117
0.578870550738288,0.759803726018044,0.679471821197418,0.833030533222437,0.643772414597119
0.580644815282638,0.758539090773375,0.677800464433746,0.832004862913832,0.642469162053538
0.585807378333282,0.757276693389608,0.676191423100142,0.830980455674816,0.638680839355732
0.587672076846528,0.756016529660921,0.674586201509523,0.829957309949731,0.637313913446426
0.588002867909147,0.754758595389859,0.672991826629863,0.828935424184839,0.637071504766968
0.589266546384578,0.753502886387313,0.67141287859072,0.827914796828312,0.636145683971026
0.589624091151218,0.752249398472506,0.66983763503391,0.826895426330238,0.635883796688587
0.591251374625162,0.750996763589815,0.668266087268051,0.825877311142609,0.634692236834552
0.592647014254934,0.74974634604823,0.666659196916683,0.824860449719328,0.633670770336679
0.592834192507293,0.74849814168029,0.665022839963455,0.823889524268462,0.633533808470654
0.595043023716883,0.747252146326824,0.663388515892913,0.82294033303928,0.631918170911323
0.595180736482828,0.746008355836926,0.6617582124688,0.821992235368303,0.631817478889174
0.59652068789437,0.744766766067947,0.660131919787403,0.82104522999564,0.630837971133136
0.596780038084724,0.74352737288547,0.658509627969443,0.820099315662848,0.630648433923552
0.600749049298124,0.742290172163296,0.656891327160011,0.819154491112938,0.627749802598461
0.601802957610719,0.741055159783426,0.655223834749778,0.818210755090365,0.626980750486177
0.602989587504111,0.739822331636045,0.653378584094174,0.817268106341035,0.626115172300942
0.603434596692654,0.738591683619503,0.651538530382809,0.816326543612294,0.625790652401782
0.603581353716813,0.737363211640301,0.649704981511203,0.815386065652936,0.625683641497074
0.603856757990408,0.73613691161307,0.647885332527522,0.814446671213193,0.625482839085994
0.605454184195696,0.734912779460556,0.646070783513218,0.813508359044738,0.62431849490528
0.606415099882883,0.733690811113605,0.644261320166009,0.812571127900683,0.623618400587455
0.607285067802888,0.732471002511142,0.642456928223743,0.811634976535576,0.622984767310009
0.60966287668018,0.731253349600156,0.640657593464283,0.810699903705399,0.621253886305307
0.609974864400646,0.730037848335685,0.638863301705398,0.809765908167568,0.621026887446398
0.610203069769168,0.728824494680798,0.637074038804646,0.808832988680931,0.620860863481718
0.610940911224879,0.727613284606574,0.635319037566032,0.807901144005766,0.620324160505243
0.61251607215983,0.726404214092093,0.633828861816137,0.806970372903778,0.61917886436915
0.612865469293569,0.725197279124414,0.632342184909642,0.8060406741381,0.618924905631209
0.612936438277405,0.723992475698558,0.630858998621526,0.805158221247485,0.61887332582371
0.615774522360211,0.722789799817495,0.629379294746132,0.804334493069975,0.61681170590381
0.616149285881534,0.721589247492125,0.62790306509712,0.80351160786335,0.616539631742837
0.617928478201323,0.720390814741261,0.626430301507421,0.80268956476467,0.615248468134036
0.618632156093171,0.719194497591614,0.624960995829195,0.801868362911882,0.61473804153464
0.622264186690123,0.718000292077776,0.623495240010478,0.801048001443811,0.612105609839661
0.626516049401775,0.716808194242201,0.622039954153276,0.800228479500168,0.609028548680985
0.626849009210446,0.715618200135195,0.620588065051289,0.799409796221542,0.608787799879158
0.628611051462193,0.714430305814892,0.619139564776202,0.798591950749404,0.607514265126256
0.628970113007255,0.713244507347244,0.617694445418203,0.797774942226104,0.607254857659672
0.629190567057504,0.712060800805999,0.616252699085943,0.796958769794869,0.607095606714747
0.629457438275492,0.710879182272689,0.614814317906493,0.796143432599805,0.606902843631838
0.629552364990279,0.709699127012396,0.613379294025299,0.795263085225178,0.606834282259397
0.629759684149138,0.708521153428177,0.61194761960614,0.794365214700534,0.606684553749352
0.63300763356969,0.707345257621403,0.610519286831088,0.793468358133788,0.604340458166706
0.63496000336205,0.706171435701165,0.609094287900459,0.792572514379639,0.602932876547415
0.635602379619304,0.704999683784268,0.607672615032776,0.791677682294079,0.60246999295935
0.637836918355109,0.703829997995208,0.606254260464726,0.790783860734394,0.600860778626407
0.637888949678974,0.702662374466158,0.604839216451114,0.789891048559161,0.60082332567087
0.63994129056068,0.701496809336955,0.603341407413601,0.788999244628244,0.599346664546882
0.640621067450583,0.700333298755078,0.60173239703128,0.788107327141045,0.598857843375528
0.641591207611605,0.699171838875639,0.600127679121724,0.787213918547374,0.59816046649808
0.643598292162321,0.69801242586136,0.598527242230027,0.786321522832753,0.596718598926971
0.648628807174306,0.696855055882563,0.596931074931856,0.785430138848736,0.593110177039349
0.648740522335829,0.695699725117151,0.595339165833377,0.784539765448179,0.59303013232135
0.649143887329572,0.694546429750594,0.59375150357117,0.783650401485242,0.592741150964819
0.649379459069982,0.69339516597591,0.592168076812146,0.78276204581538,0.592572404754907
0.651086027209423,0.692245929993654,0.590588874253469,0.78187469729535,0.591350467170838
0.652656591692432,0.691098718011898,0.589013884622473,0.780988354783201,0.590226725557311
0.653644828604298,0.689953526246219,0.587443096676583,0.780103017138282,0.589520042992234
0.653701504812937,0.688810350919679,0.585876499203234,0.779218683221231,0.589479523624876
0.654371066279567,0.687669188262814,0.584314081019793,0.778335351893981,0.589000913777917
0.654669615232886,0.686530034513616,0.582848534531595,0.777453022019754,0.588787554100556
0.655585105053671,0.685392885917517,0.581472065597329,0.776562040452292,0.588133472986388
0.6587836330517,0.684257738727375,0.580098848830605,0.775628627089363,0.585850381694882
0.66675345312002,0.683124589203458,0.57873145937904,0.77475568248862,0.580176214802477
0.66947667890854,0.681991785946361,0.577369356637594,0.773858736570657,0.578242275775759
0.669978558757501,0.680860976850573,0.576006420852309,0.77292425153727,0.577886133542615
0.674340977133175,0.679732158191366,0.574497706854088,0.771990446850978,0.574794130921321
0.674557704272189,0.678605326251372,0.572992945618456,0.771057567881284,0.574640690047886
0.674971199874874,0.67748047732057,0.571492126786901,0.770125816325604,0.574347984136928
0.677401791941407,0.676357607696264,0.570072861826533,0.769195190821291,0.572628618200236
0.677933273612464,0.675236713683074,0.568727113261301,0.768265690007344,0.572252931301377
0.680438291787296,0.67411779159292,0.567384542581216,0.767337312524407,0.570483556642928
0.680712691996435,0.673000837745005,0.566045142279245,0.766410057014769,0.570289873875423
0.681739584106746,0.671885848465798,0.564708904866093,0.765483922122359,0.56956528928223
0.682471277416337,0.670772820089025,0.563076866653942,0.764558906492745,0.569049228828545
0.686300385910767,0.669661748955647,0.56137291912918,0.763635008773132,0.566351702972196
0.689532828882177,0.668552631413851,0.55967413029108,0.76271222761236,0.564078641487564
0.697882810946638,0.66744546381903,0.55812418893537,0.761790561660904,0.558224691345013
0.702719351150273,0.666340242533772,0.556652794887639,0.760870009570869,0.554845847498694
0.707357695635171,0.665236963927842,0.555185282195552,0.759950569995988,0.551613831122596
0.710015604292426,0.664046094856837,0.553656881987738,0.759032241591624,0.549765525656855
0.711256035192256,0.662857522538781,0.552149633768426,0.758183089732871,0.548903871013424
0.711445552562415,0.661671242197603,0.550646493566292,0.757350789424906,0.548772277231392
0.713710701388042,0.660487249067912,0.549178647212214,0.756519402802474,0.547200530086668
0.718097265443678,0.65930553839497,0.547993670015962,0.755681835101527,0.544162513056652
0.718726762429787,0.658126105434666,0.546811254404014,0.754839657681719,0.543727165850626
0.719488305086184,0.65694894545349,0.545631394826102,0.753613128704553,0.543200709520973
0.71968583996839,0.65577405372851,0.543883866681247,0.752633010093549,0.543064190945959
0.721673216638802,0.654601425547346,0.541994569757284,0.751729017673502,0.541691560759761
0.722437547575349,0.653431056208141,0.540187438763442,0.75082611125444,0.541164078523988
0.722682788177949,0.652262941019543,0.538698646734633,0.749924289531477,0.540994882138806
0.726659952619731,0.651097075300673,0.537213965426611,0.749023551201295,0.538254346220221
0.727306592068725,0.649933454381105,0.535742229711738,0.748123894962144,0.537809373717416
0.731903748297762,0.648772073600837,0.534277621123758,0.747225319513836,0.534650851898443
0.733285281597704,0.64761292831027,0.532447093119418,0.746327823557748,0.533703351629544
0.733615979916596,0.646456013870181,0.531203930845605,0.745431405796815,0.533476664867477
0.734843248848871,0.645301325651699,0.529527007386287,0.744536064935533,0.532635793265174
0.735121645556222,0.644148859036277,0.527733949204344,0.743641799679954,0.532445134713261
0.735190781139936,0.642998609415675,0.52594696265401,0.742808732030133,0.532397792548115
0.735640345894792,0.641850572191926,0.524179405111897,0.741976740687332,0.532089991242554
0.737804500754208,0.64070474277732,0.52272462807764,0.741145675606097,0.530609446340425
0.740783751810296,0.639561116594374,0.521598145561854,0.740315541536006,0.528574477459834
0.742127329441385,0.63841968907581,0.520288032658548,0.739486337433887,0.527657969896885
0.742184244338857,0.637280455664528,0.518563682319117,0.738658062257739,0.527619162778113
0.743091135797313,0.636143411813587,0.516850301579125,0.737830714966725,0.52700098810593
0.745444010276178,0.635008552986176,0.515142586374909,0.737004294521178,0.525398793997499
0.746556131272618,0.633875874655592,0.513440517960584,0.736178799882594,0.524642310937609
0.747245755395818,0.632745372305214,0.511744077652323,0.735354230013635,0.524173481703124
0.750007855251281,0.631610501532624,0.510230074957129,0.734530583878122,0.522297751189161
0.752289700070689,0.630477831748836,0.508829698289919,0.733707860441041,0.520750628029637
0.752764943734677,0.629347358330601,0.507433169405872,0.732886058668536,0.520428688174195
0.757853187719046,0.628219076665161,0.505859469959891,0.73206517752791,0.516987934840264
0.758522671381876,0.627092982150219,0.504247436811081,0.731245215987624,0.516536057139348
0.758623555700951,0.625969070193918,0.502640540988431,0.730426173017293,0.516467980770192
0.760100715874412,0.624847336214811,0.501038766119247,0.729608047587688,0.515471708075379
0.760380857252231,0.62372777564184,0.499442095883015,0.728790838670736,0.515282874094686
0.763464614291677,0.622610383914309,0.49785051401124,0.727974545239511,0.513206493984392
0.76530520987746,0.621495156481856,0.496264004287274,0.727159166268242,0.511969166486705
0.765569996369683,0.620382088804434,0.494682550546159,0.726312325623188,0.511791288874102
0.766090424764127,0.619271176352281,0.493106136674451,0.72540811804047,0.511441767280959
0.766981760905361,0.618162414605896,0.491534746610067,0.724502312906218,0.510843421688054
0.768218699565348,0.617055799056014,0.489968364342114,0.723597638860938,0.510013661007208
0.768590585567777,0.615951325203584,0.488406973910729,0.722694094492197,0.509764326277541
0.769680484163512,0.614848988559738,0.486850559406916,0.721791678389325,0.50903394773758
0.772345768671246,0.613748784645775,0.485299104972381,0.720890389143413,0.507250084786727
0.776219176920311,0.612650708993127,0.483752594799376,0.719990225347313,0.504663314797552
0.777796046038279,0.611554757143341,0.482211013130533,0.719091185595632,0.503612176270734
0.778446802245752,0.610460924648051,0.480674390322191,0.718224449022848,0.50317871138005
0.786117097512177,0.609369207068956,0.479156252677367,0.717395552989272,0.498084107003945
0.786378030274312,0.608279599977794,0.477642921596711,0.71656761363848,0.497911269277368
0.790760921652112,0.606591493062194,0.475563545658486,0.71511106840189,0.495012802041807
0.791575472966866,0.604908248893947,0.47349322795195,0.713560480814844,0.494475106501093
0.793046436220518,0.60322985293155,0.471526011483014,0.712003512609343,0.49350488516975
0.79327507147481,0.601556290678599,0.469791201353187,0.710449942092817,0.493354171677596
0.797046867801089,0.599887547683648,0.468062779620532,0.708899761849798,0.490871366534598
0.797899982216413,0.598223609540067,0.466340722734749,0.707352964481,0.490310721089983
0.79818060197464,0.596564461885894,0.464625007232465,0.705809542603293,0.490126379319146
0.801425917898161,0.594910090403691,0.462723482817451,0.704269488849658,0.487997186677384
0.804114963710456,0.593260480820405,0.460816813379445,0.70273279586916,0.486236710588114
0.805170049214069,0.591615618907226,0.458921913436352,0.701199456326906,0.485546896239152
0.80570297096868,0.589975490479439,0.457034993496423,0.699669462904015,0.48519867270177
0.805710491210344,0.588340081396288,0.45515583199681,0.698142808297581,0.485193759763305
0.806111076083246,0.586709377560833,0.453284397036718,0.696619485220639,0.484932098318365
0.806984299098904,0.58508336491981,0.451420656846524,0.695099486402127,0.48436197427034
0.807267772950154,0.583462029463491,0.449564579787233,0.693582804586857,0.484176973113062
0.807557442761536,0.581845357225543,0.447716134349945,0.692069432535475,0.483987967790474
0.808004413332958,0.580233334282889,0.445875289155319,0.690559363024429,0.483696404299336
0.81070912503396,0.578625946755574,0.444042012953038,0.689067925701729,0.481934123170169
0.813193229526098,0.577023180806617,0.44221656146671,0.687720234643011,0.480318658793168
0.815095549882914,0.575425022641884,0.440398904990922,0.686375179516158,0.479083539988007
0.816011355492195,0.573831458509943,0.438588719935066,0.685032755165393,0.478489555159367
0.818041971687788,0.572242474701932,0.436785975587112,0.683692956445025,0.477173952705923
0.823930392052729,0.570658057551417,0.43499064136128,0.682355778219427,0.47337021443275
0.824094091337513,0.569078193434263,0.433202686797521,0.681021215363017,0.473264710078878
0.824335220142549,0.567502868768493,0.431422081560998,0.67968926276024,0.473109326068245
0.825034790766569,0.565932070014155,0.429649268193152,0.678359915305548,0.47265868116234
0.825058916141138,0.564365783673187,0.427887341356679,0.677033167903377,0.472643144484899
0.827242612187938,0.562875776514908,0.426114897411015,0.675992226932976,0.471238025406706
0.828869250648017,0.561389889983772,0.424639905958063,0.674952886484626,0.470192863669117
0.834813571644816,0.559908112172228,0.42339889241131,0.673915144097294,0.466384503076383
0.835041019365489,0.558430431208598,0.422161510469767,0.672878997313731,0.466239129009797
0.835677440687426,0.556956835256967,0.420927749489332,0.671844443680467,0.465832493559605
0.835938626615986,0.55548731251707,0.419697598857161,0.670809442765763,0.465665669117532
0.836716547415505,0.554021851224182,0.418471892400226,0.669768525484153,0.465168995887783
0.837932462367135,0.552560439649003,0.417254903687573,0.668729230013491,0.464393279142689
0.839105549230197,0.551103066097553,0.415677919616196,0.667401750987749,0.463645579090012
0.840375840624041,0.549649718911055,0.414082801125487,0.666385666374677,0.462836692352555
0.84040609880291,0.548200386465828,0.412493811024865,0.66537786097357,0.462817434537857
0.844392037062485,0.546755057173178,0.41083351245159,0.664371579731931,0.460284564774199
0.845473802306315,0.545313719479286,0.409327260923794,0.663366820344677,0.459598521327104
0.846331279879559,0.543876361865101,0.407946383947486,0.662363580510208,0.459055133814394
0.849075974235081,0.542442972846231,0.406719907151355,0.661361857930407,0.457318281270639
0.851055138740129,0.541013540972831,0.405439471959467,0.660157900731512,0.456068202183601
0.852533004246876,0.539588054829501,0.403891783040944,0.658716816961419,0.455136036860208
0.852947471013022,0.538166503035173,0.402347001017324,0.657304050022168,0.454874808794983
0.856900044938602,0.536748874243005,0.40080813029326,0.65626881897585,0.452387951565103
0.856955650589306,0.535335157140278,0.399105651270563,0.654882623882759,0.452353022204435
0.857594926666482,0.533925340448281,0.397343682234266,0.653493069785638,0.451951565567823
0.860409239424961,0.532519412922213,0.395593536613157,0.652106469388502,0.450186676766746
0.863449000278486,0.531117363351073,0.394306269163487,0.650722816404515,0.448284922823631
0.86451226638978,0.529719180557553,0.393159433456318,0.649342104560236,0.447620825454251
0.867669729339503,0.528433433678573,0.392034484038612,0.647964327595587,0.445652127632341
0.868042409229918,0.52715095944785,0.390914022885995,0.64658947926383,0.445420095368716
0.868499903200019,0.525871749148563,0.389972105205562,0.645217553331536,0.445135354573055
0.869129108630318,0.524595794088152,0.389225204488569,0.643848543578554,0.444743916779873
0.874706881189952,0.523323085598244,0.388479734505927,0.642687507281996,0.441282779434522
0.878072997115136,0.522053615034588,0.387735692516522,0.641574895552815,0.439201767544329
0.879669732817343,0.520787373776982,0.386985208778959,0.64046421240181,0.438216672193428
0.882747169089413,0.519524353229201,0.385853927440315,0.639355454480892,0.436321788044388
0.884406175176604,0.518264544818932,0.385039007087887,0.638248618447795,0.435302316094814
0.886153667507563,0.517007939997702,0.384088848277001,0.637143700966066,0.434230013646807
0.889832095959608,0.515754530240809,0.382940911488098,0.636040698705057,0.431978033730585
0.891017892235486,0.514504307047254,0.381799377995359,0.634939608339908,0.431253577163953
0.891614729927266,0.51325726193967,0.380329517208532,0.633840426551547,0.43088921963548
0.892160212809745,0.512013386464256,0.379287433155135,0.632743150026671,0.430556375882938
0.892288875041775,0.510772672190708,0.378363311607802,0.631647775457742,0.430477891178215
0.892939737085088,0.509535110712149,0.377237078905714,0.630554299542972,0.430080994130203
0.893945464661314,0.508300693645063,0.376114209784201,0.629462718986317,0.429468134832273
0.897472975453424,0.507069412629227,0.375092367390655,0.628300989887458,0.42732276446554
0.897621237387088,0.505841259327642,0.374060742310341,0.626978301492377,0.427232736973557
0.897746199354788,0.504616225426469,0.372935366224113,0.62596241823634,0.427156866624746
0.89796749136765,0.503394302634959,0.371813375875176,0.625029655587091,0.427022529830956
0.898015807989589,0.502175482685384,0.370694761077409,0.624060602118108,0.426993202321069
0.898151839730482,0.500959757332977,0.369579511675334,0.622990109248392,0.426910639548466
0.898719518863396,0.499747118355859,0.368470709508994,0.621921453521837,0.426566198612639
0.898773965237487,0.498537557554976,0.367718992965722,0.620854631784326,0.426533172011718
0.900844741587723,0.497331066754032,0.367032027870043,0.619789640887163,0.425278216834252
0.901122612094143,0.496127637799423,0.366348463712054,0.618726477687055,0.425109990169384
0.901576783725107,0.494927262560172,0.365666177917372,0.61766513904611,0.42483511580844
0.901662936689618,0.493729932927861,0.364842463907616,0.616605621831825,0.424782986443424
0.903518157351691,0.492535640816571,0.363809123071393,0.615547922917077,0.423661379193468
0.903575061520396,0.49134437816281,0.362778709408982,0.614492039180113,0.42362700540562
0.904838555529058,0.49016807196506,0.361751214627317,0.613437967504542,0.422864213281342
0.905316934390305,0.488994707455484,0.360726630456832,0.612385704779325,0.422575627826474
0.90856455724441,0.487824276971882,0.359704948651394,0.611335247898766,0.420619671000095
0.908572556907439,0.486656772872796,0.358686160988231,0.610286593762503,0.420614859898094
0.909316852017822,0.485492187537448,0.357670956739502,0.609239739275499,0.420167379184066
0.909624710965839,0.484330513365687,0.356661819260319,0.608194681348033,0.419982375741618
0.909734839161792,0.483171742777926,0.355655532776429,0.607151416895689,0.419916207955449
0.912866655769216,0.482015868215087,0.354652089224935,0.606230975847429,0.418037223017
0.913095656234041,0.480862882138542,0.353787362492609,0.605321039530144,0.417900034421522
0.913307510640234,0.479712777030058,0.353011377329129,0.604412469007081,0.417773142388439
0.913647531359227,0.478565545391737,0.352237097952126,0.603505262228207,0.417569533820209
0.914145305195062,0.477421179745961,0.351445957763729,0.602599417146567,0.417271571432152
0.91430791322009,0.476279672635334,0.350425387583747,0.601694931718275,0.417174264416729
0.915471833664685,0.475141016622626,0.349407781094878,0.600791803902517,0.416478167454024
0.916800127444535,0.474005204290713,0.348393129690581,0.599890031661538,0.415684644620961
0.919654152329328,0.472872228242529,0.34738281095055,0.598989612960647,0.413982825315139
0.920190593883139,0.471742081100999,0.346375992691912,0.598090545768201,0.413663436277204
0.9209151682182,0.470614755508991,0.345372093216155,0.597192828055611,0.413232279412362
0.92158584469782,0.469490244129258,0.344371104059778,0.596296457797332,0.412833443900513
0.92218692179761,0.468368539644379,0.343373016783829,0.595401432970856,0.412476201415477
0.92352511901976,0.467249634756708,0.342377822973827,0.594507751556716,0.411681553660243
0.926615522011186,0.466133522188316,0.341385514239699,0.593615411538473,0.409850068406052
0.927700778925255,0.465020194680937,0.340675348362649,0.592724410902714,0.409208117795932
0.927953883918629,0.46390964499591,0.340044276569869,0.591834747639051,0.409058491948721
0.928291769593559,0.462801865914129,0.339414378828406,0.59094641974011,0.408858800530932
0.928719204927455,0.461696850235985,0.338666311117542,0.590059425201534,0.408606272627575
0.930105458168721,0.460594590781309,0.337746271073924,0.589173762021971,0.407787950851328
0.932283299863174,0.459495080389324,0.336828730556786,0.588289428203075,0.406504426627924
0.932801673603279,0.458398311918585,0.335913682775271,0.587406421749499,0.406199295034897
0.935303624470303,0.457304278246928,0.335001120956977,0.586524740668891,0.404728595782575
0.935916992246201,0.456212972271414,0.3340910383479,0.585644382971889,0.404368559033446
0.938272165924589,0.455124386908277,0.333183428212385,0.584765346672118,0.402987992471116
0.938381822151482,0.454038515092869,0.33227828383308,0.583887629786183,0.402923786455697
0.941805191652722,0.452955349779605,0.331375598510884,0.583011230333669,0.400922592094279
0.941947308656015,0.451874883941916,0.330475365564893,0.582136146337129,0.400839651626602
0.942230923086365,0.450797110572187,0.32957757833236,0.581262375822089,0.400674164869179
0.942589486723316,0.449722022681709,0.328682230168636,0.580389916817035,0.400465008004206
0.943575648175744,0.448649613300629,0.327789314447128,0.579518767353415,0.399890119684683
0.943645811496388,0.447579875477888,0.326898824559245,0.578648925465628,0.399849237602587
0.943978822632546,0.446406698935153,0.325987241546741,0.577514119577579,0.399655238178652
0.945076843366833,0.445236720712083,0.325078200604289,0.576381539191952,0.399015998300815
0.947778547355504,0.444069931768112,0.324172261463717,0.575251179944245,0.397445910483484
0.949526078608371,0.442906323089097,0.323271093537258,0.574123037478516,0.396432441859377
0.950376980987005,0.441745885687239,0.322372431341336,0.572997107447366,0.3959395658531
0.950834047676442,0.440588610601003,0.32137241869503,0.571873385511922,0.395674976933717
0.951057366301149,0.439434488895041,0.320458803518153,0.570751867341819,0.395545742384461
0.95178383135513,0.438283511660108,0.319644591142937,0.569632548615185,0.395125523941935
0.954269207479493,0.437135670012989,0.318785498973195,0.568515425018623,0.393690041727276
0.955217763540716,0.435990955096418,0.317692767457718,0.567400492247198,0.393143067081243
0.95643417201781,0.434849358078999,0.316542158666627,0.566287746004413,0.392442353616144
0.956972711883119,0.433710870155131,0.31575314150213,0.565177182002202,0.392132383970421
0.959050693229982,0.432575482544926,0.314969188283288,0.564068795960903,0.390937829986211
0.961228494361006,0.431443186494135,0.314187182650293,0.562962583609252,0.389688415299859
0.964393510131112,0.430313973274071,0.313242654367461,0.56185854068436,0.387877237216887
0.964496482602253,0.429187834181529,0.312249564146206,0.560756662931695,0.387818403026277
0.965467137741508,0.428064760538711,0.311259623118895,0.559656946105072,0.387264095270484
0.965994363126803,0.426944743693151,0.310158497226141,0.558559385966634,0.386963230444141
0.967445759984026,0.425827775017636,0.309161205966492,0.557463978286832,0.386135764540073
0.96747673145635,0.424713845910131,0.308267694018411,0.556370718844413,0.386118119713535
0.968511534859241,0.423602947793705,0.307310874008649,0.555279603426404,0.385528880744945
0.968515727457176,0.422495072116453,0.30632898572623,0.554190627828091,0.385526494580689
0.968864060790336,0.421390210351421,0.305350238118613,0.55310378785301,0.385328278601322
0.970912838344899,0.420288353996533,0.304374621126792,0.552019079312923,0.384163782031579
0.971799076037584,0.419189494574512,0.303402124724029,0.551240575376563,0.383660767986643
0.971917216047219,0.418093623632812,0.302432738915753,0.550495023572578,0.383593746096884
0.972889713030494,0.417000732743535,0.30146645373945,0.54975048530379,0.383042329953769
0.97645606889375,0.415910813503365,0.300503259264565,0.549006068190425,0.381024598760598
0.97751053845396,0.414823857533489,0.2995431455924,0.54826158730803,0.380429347824229
0.978271968002374,0.413739856479525,0.298586102856007,0.547518123779104,0.379999897716915
0.979391668138842,0.412658802011448,0.297632121220088,0.546652831656671,0.379368958650675
0.980275622129354,0.411580685823519,0.296681190880898,0.54550757158932,0.378871345745175
0.984363889111066,0.410506575978682,0.295733302066135,0.54436220559687,0.376575476016509
0.985390457852685,0.409435383372321,0.294791599773946,0.543219244453308,0.376000422279614
0.987633362558958,0.408367099785069,0.293855264423058,0.542078683109333,0.374746028083926
0.990928757975558,0.407301717021511,0.29292190316052,0.540940516526245,0.372908024257274
0.991208082554438,0.406239226910119,0.291991506539585,0.539804739675923,0.372752505981006
0.996241230138425,0.405179621303176,0.291064065143512,0.538671347540804,0.369957586861068
0.996601143806416,0.404122892076704,0.290139569585472,0.537540335113861,0.369758260751729
0.998388737088488,0.403069031130395,0.289218010508452,0.536411697398577,0.368769320620607
0.999462194103008,0.402018030387539,0.28829937858516,0.535285429408929,0.368176305076277
1.00046169374831,0.400969881794953,0.287307042050794,0.53416152616936,0.367624717798631
1.00068996645225,0.39992457732291,0.286234409180987,0.533039982714763,0.367498819782471
1.0008726229701,0.398882108965067,0.2851657837955,0.531920794090453,0.367398100929801
1.00246457869521,0.3978424687384,0.284101150912815,0.530803955352149,0.366521058451932
1.00513463352535,0.396805648683128,0.283040495607453,0.529689461565952,0.365053210195644
1.00558584071073,0.395771640862645,0.28198380300976,0.528577307808322,0.364805550477854
1.01036741627906,0.394740437363452,0.280931058305695,0.527467489166056,0.362187942665531
1.01528704292134,0.393712030295087,0.279882246736629,0.526360000736267,0.359507960673089
1.01610177408517,0.392686411790054,0.278837353599131,0.525254837626363,0.359065426393551
1.01666931992157,0.391663574003757,0.277796364244768,0.524151994954024,0.358757371999526
1.01691009909247,0.390643509114428,0.276759264079891,0.523051467847182,0.358626734984449
1.01862186964141,0.389626209323061,0.275726038565438,0.521953251443997,0.357698923356393
1.01905886366924,0.388611666853343,0.274696673216725,0.520857340892838,0.357462324521059
1.01940370902707,0.387599873951584,0.273671153603245,0.519763731352261,0.357275691832653
1.02114345706121,0.386590822886652,0.272649465348461,0.518672417990987,0.356335133033192
1.02659545327019,0.38558495285226,0.271631594129611,0.51758339598788,0.353398492284601
1.02863545762314,0.384581805902004,0.270732585630098,0.516496660531928,0.352303911182352
1.029711182277,0.383581374390551,0.269888567467388,0.51541220682222,0.351727652132539
1.03536408131989,0.382583650694762,0.269047183331132,0.514330030067925,0.348709985474349
1.03639625178926,0.381588627213633,0.268208424990681,0.513288804509979,0.348160901279412
1.03745581673671,0.380596296368222,0.26737228424114,0.512280320438941,0.347597859514425
1.03831789576245,0.379606650601584,0.266418160488987,0.511273818032133,0.347140219802892
1.03899253383312,0.378619682378711,0.265439005161243,0.510207214968731,0.346782372180761
1.03931100508932,0.377635384186458,0.264463448518887,0.509136918792166,0.34661353363236
1.03938035266547,0.376653748533483,0.263491477335545,0.50806886809212,0.346576776265297
1.04137700070207,0.375674767950182,0.262523078433456,0.507003058157113,0.345519608021528
1.04188151980019,0.374698434988618,0.261558238683292,0.505939484285553,0.345252830118961
1.04347008298248,0.373724742222464,0.260596945003979,0.504878141785715,0.344413758929762
1.04355773142974,0.372753682246935,0.259619417507828,0.503819025975717,0.34436750427964
1.04384580501156,0.37178524767872,0.258580325116335,0.502762132183502,0.344215509499406
1.04949548944526,0.370819431155923,0.25754540001396,0.501707455746819,0.341243919232424
1.05009321102791,0.369856225337998,0.256579456210816,0.500654992013198,0.340930570898546
1.05027721489058,0.368895622905682,0.255664874955214,0.499604736339933,0.340834149080974
1.05107348641999,0.367937616560935,0.254677054866101,0.498556684094058,0.34041710339494
1.05185908918576,0.366982199026874,0.253813173160547,0.497510830652332,0.340005990965096
1.05258057136056,0.366029363047712,0.253022552775077,0.496467171401214,0.33962873569224
1.0533885635031,0.365079101388693,0.252043971000891,0.495425701736844,0.339206588901138
1.05364903235138,0.364131406836028,0.251069173957672,0.494386417065023,0.339070580693246
1.06145651621735,0.363186272196838,0.250098147007717,0.493349312801192,0.335011288019853
1.06180032046881,0.362115787427453,0.249042469574915,0.492314384370412,0.334833315575987
1.0642253671831,0.361048697576796,0.248063051776821,0.491299683500247,0.333579842356137
1.06478632881484,0.359984991020696,0.247287962585871,0.490359988442357,0.333290354906924
1.06491378749355,0.358924656177895,0.246516659798112,0.489422090742523,0.333224603534066
1.06677595250008,0.357867681509877,0.245700275195795,0.488485986962874,0.332265009724572
1.06775957008485,0.356814055520704,0.244796546442631,0.487551673672115,0.331758919476762
1.06827784948039,0.355763766756843,0.243896141985246,0.486619147445513,0.331492471219028
1.07833893212361,0.354716803806999,0.242999049594618,0.485688404864886,0.326349656045854
1.08002155249703,0.353673155301951,0.242105257086713,0.484759442518591,0.3254950643278
1.08021874523403,0.352632809914382,0.241214752322322,0.48383225700151,0.325395014516869
1.08031627266652,0.351595756358716,0.240327523206898,0.482906844915039,0.325345539950181
1.08202262603889,0.350561983390951,0.239443557690386,0.481983202867074,0.324480781945267
1.08361908860026,0.349531479808497,0.238562843767063,0.481061327471998,0.323673181156162
1.08837898755954,0.348504234450011,0.237685369475376,0.480141215350674,0.321273706655619
1.09038977997517,0.347480236195234,0.236811122897777,0.479222863130423,0.320263846052566
1.09113503761922,0.346459473964832,0.235940092160562,0.478306267445023,0.319890133347475
1.09153621861418,0.345441936720229,0.234850216426751,0.477391424934685,0.319689087176086
1.09564399626339,0.344427613463452,0.233710298115797,0.476478332246052,0.317635678193455
1.09577349684653,0.343416493236967,0.232575918596786,0.475566986032176,0.31757109545208
1.0958157409331,0.342408565123521,0.231447050934357,0.474657382952515,0.317550030079994
1.09691352900283,0.341403818245982,0.23027794907649,0.473749519672915,0.317002956324636
1.09748506959498,0.340402241767184,0.229382116878305,0.4728433928656,0.316718398679157
1.09770886697123,0.339403824889767,0.228496982318309,0.471938999209158,0.316607024254669
1.10174562186372,0.338412795128624,0.227649214325835,0.471036335388531,0.314602878400553
1.10298220748529,0.337424883966648,0.226814259143272,0.470135398095003,0.313990755318123
1.10420592407389,0.336440080792899,0.225963139979569,0.469236184026184,0.313385838077519
1.10433482142326,0.335458375035413,0.22516016905449,0.468338689886004,0.313322168902776
1.10530011589683,0.334479756161044,0.224314228089135,0.467442912384695,0.312845652296814
1.10541417044435,0.333504213675312,0.223397105285638,0.466548848238784,0.312789383544385
1.10583604538271,0.332531737122252,0.222380438669314,0.465656494171075,0.312581314486646
1.1061730897398,0.331562316084264,0.221522813239278,0.464765846910644,0.312415154901512
1.1105752055175,0.330595940181958,0.220669493257825,0.463876903192823,0.310250741086773
1.11097683496543,0.329632599074005,0.21986548903739,0.462989659759186,0.310053804599198
1.11244875512827,0.32867228245699,0.219139134262842,0.462104113357542,0.309332822232583
1.11418307077966,0.327714980065258,0.218415180883122,0.46122026074192,0.308484853374019
1.1154255363266,0.326760681670771,0.217625912732129,0.460338098672557,0.307878392477681
1.11556724954406,0.325809377082954,0.216670144196305,0.45945762391589,0.307809275067649
1.11719631517619,0.324861056148555,0.215596919316041,0.458578833244536,0.307015534337407
1.11916252001105,0.323915708751491,0.214754786602819,0.45770172343729,0.306059484820039
1.12195860301028,0.322973324812708,0.213749505656525,0.456826291279105,0.304703601092507
1.12444930452943,0.322033894290031,0.212962619997421,0.455952533561087,0.303499447878096
1.12546158360705,0.321097407178023,0.212271952161942,0.455080447080475,0.303011032954347
1.12719479424127,0.320163853507837,0.211455946988936,0.45421002864064,0.302176091469267
1.14296223460021,0.319233282200149,0.210643082802064,0.453341275051062,0.294656643347
1.14324612451098,0.318305613610867,0.209835572992897,0.452474183127328,0.29452251410739
1.14754568132624,0.317380837988077,0.209207488092186,0.451608749691113,0.292496533909964
1.14798995982302,0.31645894561514,0.208506477758801,0.450744971570173,0.292287767153189
1.15377242902172,0.315539926810563,0.207567125462521,0.449882845598332,0.289580485712641
1.15381584614957,0.314623771927855,0.206605785812525,0.449022368615469,0.289560227886607
1.15470636112464,0.313710471355396,0.205770520599548,0.448163537467508,0.289144954548281
1.15498600710771,0.312800015516301,0.204725231564076,0.447306349006406,0.289014637301563
1.15505314804064,0.311892394868283,0.203685252770642,0.446450800090141,0.288983355490447
1.15520531143734,0.310987599903524,0.202817157936032,0.445596887582704,0.28891246980327
1.15749645035695,0.310085621148535,0.202119784075751,0.444744608354079,0.287846674592919
1.1584377937698,0.309186449164028,0.201354702253071,0.443881309866412,0.287409614577864
1.15875071733449,0.308290074544782,0.200341863580585,0.443011301338248,0.287264433796262
1.16042221410131,0.307396487919512,0.199334119794748,0.442142998055936,0.286489853573722
1.16072139743057,0.306505679950735,0.198331445265837,0.441276396677084,0.286351372219449
1.16091862247888,0.305617641334642,0.197333814493058,0.440411493865855,0.286260110590614
1.16145659824454,0.304732362800968,0.196346784185842,0.439548286292948,0.286011282401576
1.16687177906257,0.303849835112859,0.19536522722889,0.438686770635587,0.283515452120438
1.17107891174123,0.302970049066747,0.194638231013123,0.437826943577512,0.281587489747792
1.17377565276251,0.302092995492218,0.193930899768211,0.436968801808961,0.280356771479133
1.17457047128921,0.301218665251887,0.193068925482404,0.43611234202666,0.2799947965151
1.17479214075184,0.300347049241267,0.192152153718827,0.435257560933809,0.279893905712957
1.17672899380227,0.299478138388645,0.191239737709258,0.434404455240071,0.279013506554372
1.17781033369487,0.298611923654953,0.190331656748419,0.433553021661558,0.278522872899397
1.1812542302679,0.296832348477377,0.18862275307384,0.431383498397086,0.276964533156391
1.1819003021272,0.295064159840547,0.187177183455362,0.429553614530032,0.276672910379876
1.18328661346176,0.293307279486637,0.185757807105852,0.427512532901643,0.276047927214367
1.18381019652591,0.291561629733727,0.18434919781833,0.425439822426825,0.275812155477997
1.18563036429316,0.289827133471293,0.182951273883873,0.423377176396872,0.274993687389825
1.18943033586628,0.288103714155731,0.1815639542139,0.421312906673672,0.273290778227054
1.18995126861662,0.286391295805925,0.180046558166558,0.419256024245801,0.273057940718941
1.19125924428171,0.284689802998842,0.178225573714551,0.417209183872947,0.272473974262564
1.19295408857679,0.282999160865174,0.176423018930251,0.41517233652709,0.271718666195895
1.19362638392584,0.281319295085005,0.174707341558299,0.413145433419579,0.271419489454122
1.19447079045319,0.279650131883525,0.173218823867172,0.41112842599997,0.27104406936723
1.19597444515723,0.27799159802677,0.171745419362134,0.409121265954859,0.270376507527174
1.19883983456748,0.2763436208174,0.170292511853493,0.407123905206725,0.269107783821629
1.19905844675598,0.274706128090518,0.16885189774118,0.40513629591278,0.269011170374748
1.19960072739271,0.273079048209513,0.167423472990041,0.403158390463824,0.268771626651491
1.20178608805842,0.271462310061945,0.166007134445478,0.401190141483099,0.267807892222092
1.20636676047778,0.269855843055459,0.164681560089492,0.399399247041306,0.265796216566567
1.20761684502399,0.268259577113737,0.163404454193242,0.397836421311773,0.26524919081845
1.20766168254107,0.266673442672484,0.161910896142562,0.396069306272224,0.265229585995764
1.2087834041745,0.265097370675436,0.160445163382374,0.39409378831338,0.264739475837575
1.21166676696889,0.263531292570419,0.158951489373911,0.392128136227208,0.26348277181266
1.21614020222709,0.261975140305422,0.157260869508453,0.390172300694548,0.261541904742202
1.21685669998412,0.260428846324716,0.155870101361936,0.388226232642973,0.261232041944937
1.21842353744311,0.258892343564999,0.15413802649725,0.38628551406598,0.26055539558091
1.218650741051,0.257366975847255,0.15241527745516,0.384447681716275,0.260457386127848
1.22268620712871,0.255851248663292,0.150871638717072,0.382954195396251,0.258721214269004
1.22502901709072,0.254345096576163,0.149643077632254,0.381466519638288,0.257717279131558
1.23200253334808,0.252848454624817,0.148427903982507,0.379984631793958,0.25474639666219
1.2320203141744,0.251361258320407,0.147222598801567,0.378508509303316,0.254738854841368
1.23479285026008,0.249883443642636,0.146050489783983,0.377038129694547,0.253564935632796
1.23628156665892,0.248414947036124,0.144837148620948,0.375546545242465,0.252936290549854
1.23740437210171,0.246955705406813,0.143545600037188,0.373744296883138,0.252462941366521
1.23799958051109,0.245505656118401,0.142087021832235,0.371982486915179,0.252212287467079
1.23918254282794,0.244064736988794,0.140643264575844,0.370510702370728,0.251714678992928
1.23933463870659,0.242632886286605,0.13922849876483,0.369044741171749,0.251650754506291
1.24433297271922,0.241210042727665,0.138177519058979,0.367584580276923,0.249556846649008
1.24519652495559,0.239796145471573,0.137139408468775,0.366127524197052,0.249196431109409
1.24551007771508,0.238391134118272,0.135861438406037,0.364668417689878,0.249065663454211
1.24638845900813,0.236994948704648,0.134463164113499,0.363189580773615,0.24869961096211
1.24764668024661,0.235607529701161,0.133122158459357,0.361381630788178,0.248175978680723
1.2486450100665,0.234228818008507,0.131970218725537,0.359680649879553,0.247761102184296
1.24932462749766,0.232858754954301,0.130831629744954,0.358318762017607,0.247478975291654
1.25444946405433,0.231497282289786,0.129702864086863,0.356962031057077,0.245359394007854
1.25555602609729,0.230144342186578,0.128583836999213,0.355610437469837,0.244903553575276
1.25646470400105,0.228799877233428,0.127474464461164,0.354263961801716,0.244529713553368
1.25827317457838,0.228243508637396,0.127031628264111,0.353420697613847,0.243786985395982
1.25917187328246,0.227688786891476,0.126653500527319,0.352579443616026,0.243418536627592
1.26553993400353,0.227135706172033,0.126148888139809,0.351740195010954,0.240819938822997
1.26825302860586,0.226584260679317,0.125554896048175,0.350981582095117,0.239719287854924
1.27194834404487,0.22603444463736,0.124963701291972,0.350620930492866,0.2382263772946
1.27332655890102,0.225486252293861,0.12433860351421,0.350259971599682,0.237671408025569
1.27525237380149,0.224939677920079,0.123757657792643,0.349445618177883,0.236897599022374
1.28480440918608,0.224394715810724,0.123204960330931,0.348562499691809,0.23308810806552
1.28620047909837,0.223851360283849,0.12264408916063,0.347674485079324,0.232535312333973
1.29161804327499,0.223309605680744,0.12213864445676,0.34678870992872,0.230399718554641
1.29408104812402,0.222769446365826,0.121639108545422,0.345905196333022,0.229433832556807
1.29660881139798,0.222230876726535,0.121138942545456,0.345023938509188,0.228445810997399
1.29871968951303,0.22113254940582,0.12041315506399,0.342635378953529,0.227623263131898
1.30064873984811,0.220040107389999,0.119733688916356,0.341369733351932,0.226873576615405
1.30206805686229,0.218953516738105,0.11905814238978,0.34026764441703,0.226323211039801
1.30244507678527,0.217872743717882,0.118388325935866,0.339166554379679,0.226177189024278
1.3037601857499,0.216797754804428,0.11761946125653,0.338060676293071,0.225668411702119
1.30449754654089,0.215728516678852,0.117059979057609,0.336208665681318,0.225383537155939
1.30608914461162,0.214664996226932,0.116401406326402,0.33417721005383,0.224769585282328
1.30667997825801,0.213607160537792,0.115746539394259,0.332153494034787,0.224542004693239
1.30680191224244,0.212554976902576,0.115102351341624,0.330542597607685,0.224495059772933
1.31291290121927,0.211508412813144,0.114464071609153,0.329310414212176,0.222152067044059
1.3138000113583,0.210467435960766,0.114023355743825,0.328082833919864,0.221813530837682
1.31716729811191,0.209432014234834,0.113687705650786,0.32685983948801,0.220532172837789
1.32064214936366,0.208402115721572,0.112836094365881,0.325651116460909,0.219215939934637
1.32180753227857,0.207377708702767,0.111916215548302,0.324434257802691,0.218775881784514
1.32309148699428,0.206358761654497,0.111284957087453,0.323228704581387,0.218291848699119
1.32574535056498,0.20534524324588,0.110662471876668,0.322037038116563,0.217294030353175
1.32770937775084,0.204337122337817,0.110043470332943,0.320849767276959,0.21655787962767
1.32814463152135,0.203334367981758,0.109495147201244,0.319666875841593,0.216395003437454
1.33553478203844,0.202336949418463,0.109113213267643,0.318306214574832,0.21364414263086
1.33758713008404,0.201348563784906,0.108444121792701,0.316149329547266,0.212885073667216
1.35107236095211,0.200365405845018,0.107916557067676,0.315100613284132,0.207950034873388
1.35489828244241,0.199387445860967,0.107393517995438,0.314077090226732,0.20656643474072
1.35592739688103,0.198414654275253,0.106877879869249,0.313056893474932,0.206195509057928
1.35624035583823,0.197447001709563,0.10627050980316,0.312040012212605,0.206082812910269
1.36327524575789,0.196484458963616,0.105685266201578,0.31102643565882,0.203562361546315
1.36437318692612,0.195526997014029,0.10499056009741,0.310016153067721,0.203171199943383
1.3665509258902,0.194574587013178,0.104188599792338,0.309009153728419,0.202397099686108
1.36786048248626,0.193627200288079,0.103433403997882,0.308005426964877,0.201932728853436
1.36823212768397,0.192684808339269,0.102845602615482,0.306918411688748,0.201801096633371
1.37011398737234,0.191747382839694,0.102197293011254,0.305951790566329,0.201135607419063
1.37109263039667,0.190814895633611,0.101495409725989,0.304988213818965,0.200790213884634
1.3717836219406,0.18988731873549,0.100851915105352,0.304027671858199,0.200546624677584
1.37303686517715,0.188964624328927,0.100182427772205,0.303053185954037,0.200105427439161
1.37434404660919,0.188046784765564,0.0994681678377873,0.30207299602695,0.199646061828485
1.38412415938086,0.187134210445972,0.098759661377921,0.30109597646809,0.196235658698654
1.38474120966418,0.186226429598701,0.0982796660433974,0.300122117022895,0.196022051241401
1.39250032221984,0.185323415146539,0.0976792465507478,0.299151407469975,0.193351799037226
1.39261100055185,0.184425140175345,0.0970016441139182,0.298183837621,0.193313920499544
1.39762586218746,0.183531577933011,0.0960073310011172,0.297219397320593,0.191603833446833
1.3996046211986,0.18264270182843,0.0953412585306632,0.296258076446229,0.190932400073714
1.400990417033,0.181758485430474,0.0946800805954866,0.295299864908121,0.190463291068016
1.40226948266862,0.180878902466975,0.0940234879319221,0.294344752649122,0.190031129200256
1.40329267962311,0.180003926823716,0.093371448740397,0.293392729644611,0.189685983009072
1.40356977329809,0.179133532543426,0.0927239314418788,0.292443785902396,0.18959259967997
1.40508934266092,0.178267693824786,0.092080904676345,0.291497911462604,0.18908114300699
1.4097936978172,0.177406385021433,0.0914423373012649,0.290555096397577,0.187504745730419
1.41820756229864,0.176510380833195,0.0908082330443577,0.289615330811768,0.184711581390538
1.42517337061484,0.175619260115301,0.0901804622717682,0.288678604841641,0.18242448438886
1.4264595634136,0.174732994395593,0.0895248902811736,0.287744908655561,0.182004686625756
1.42768181666082,0.173851555377752,0.0889086595484028,0.286814232453694,0.18160647833647
1.42840084571054,0.172974914940162,0.088234403746944,0.285886566467907,0.181372547413907
1.42857077038055,0.172103045134775,0.0875652612941209,0.28496190096166,0.181317299085594
1.43215389420841,0.171235918185987,0.0869011934118627,0.284040226229906,0.1801554538659
1.43234585398743,0.170373506489522,0.08624292837968,0.283121532598992,0.180093379593739
1.43612826386145,0.16951578261132,0.0855898114831533,0.282205810426553,0.178873768074014
1.43711067013529,0.168662719286439,0.0849717103380262,0.281293050101413,0.178558089833342
1.43983696103616,0.167814289417954,0.0843645070160852,0.280383242043484,0.177684399475242
1.44352684222118,0.166970466075877,0.0838031759593948,0.279476376703666,0.176507407267815
1.44711225568618,0.166131222496072,0.0833949738879456,0.278572444563746,0.175369778877036
1.44767506046024,0.165296532079185,0.0829537349575479,0.277671436136297,0.175191744027239
1.45399841327539,0.164466368389574,0.0823800649050759,0.276773341964581,0.173201477013394
1.46488448106749,0.163590362785056,0.0818108015221424,0.275878152622447,0.169818034550622
1.46737451893263,0.162719519919521,0.0812454730976881,0.274985858714234,0.169051707392031
1.47054479371808,0.1618538063527,0.0806840524242477,0.274096450874673,0.168080100780657
1.47158920736829,0.160993188880355,0.0801265124825229,0.273209919768785,0.167761011183529
1.47353464022897,0.160137634532477,0.079572826440081,0.272326256091787,0.167167955516994
1.47555426434387,0.159287110571502,0.0790692336310586,0.271445450568994,0.166554088785134
1.47691396588275,0.158441584490541,0.0785817630916627,0.270567493955717,0.166141840632038
1.47726062337759,0.157601024011621,0.0780972990464658,0.269692377037173,0.166036870505188
1.4790498589009,0.156765397083949,0.0776171878601405,0.268820090628383,0.16549593692751
1.48119005263259,0.155934671882178,0.0771403691367739,0.267950625574077,0.16485078602673
1.4835064104728,0.155108816804699,0.0766664796273288,0.267083972748598,0.164154842813279
1.48640244666961,0.154287800471939,0.0761955013368305,0.266220123055809,0.163288109327469
1.48735274823389,0.153471591724673,0.0757274163808534,0.265359067428992,0.163004515583252
1.50401984719836,0.152658571655964,0.0752622069848412,0.264593530684887,0.158095695955189
1.50425372433864,0.15185031947494,0.0747998554834322,0.263875205535533,0.158027685009124
1.52104973911656,0.15104680443902,0.0742594377754388,0.263158831786067,0.153205791269369
1.5236453204187,0.150247996021622,0.0737717108882849,0.262444404131334,0.152471539472189
1.52383792952211,0.14945386391052,0.0733134738554695,0.261731917280614,0.152417168771482
1.52808074079651,0.148664378006218,0.0727854134483482,0.26102136595758,0.151223526861378
1.53046516887342,0.147879508420341,0.0722611565791456,0.260312744900265,0.150556094684649
1.53354595207854,0.147084969334757,0.0717406758512843,0.259505797562793,0.149697339529284
1.53654108675796,0.146295097475024,0.0712239440655239,0.258505318719466,0.148866334119748
1.5365454656319,0.145509862923957,0.0707109342185403,0.257508701821248,0.148865121984972
1.54353749381445,0.144729235972696,0.0702016195015139,0.256515931946213,0.146939991185488
1.54399090054419,0.143953187119135,0.0696959732987289,0.255521636477672,0.146815866994323
1.54652870495124,0.143181687066376,0.0691939691861825,0.254528581196617,0.146122718694191
1.55549196081822,0.142414706721182,0.0686996498639106,0.253539386176631,0.143696213649772
1.55603383965643,0.14165221719245,0.0683149562355318,0.252554036408213,0.143550593739579
1.55782113110915,0.140894189789696,0.0679911055502786,0.25157251694024,0.143071158428595
1.55865781728854,0.14014059602155,0.0676688006673578,0.250594812879733,0.142847176311519
1.56286941617011,0.139391407594263,0.0673480341332629,0.24962090939164,0.141724133863696
1.57139635181301,0.138646596410231,0.0670287985309565,0.248650791698603,0.139472804885104
1.57425136427026,0.137784230220338,0.0666044652087962,0.246988977668609,0.138725679073159
1.57634569559895,0.136927572599529,0.0661828182297091,0.245313389352124,0.138179733022328
1.5798027706411,0.1360765835099,0.0657221348511493,0.243649172634074,0.137282459105372
1.58122964497772,0.135231223209768,0.065196648337675,0.241996250313888,0.13691353403804
1.58870540888769,0.134391452251368,0.0646753670791926,0.240566679584493,0.134994105018434
1.58995419703685,0.133557231478573,0.0641586135057693,0.239392490609589,0.134675670509033
1.59468478790586,0.132728522024623,0.0636469401407638,0.238224039972509,0.133475069015558
1.59742268240556,0.131905285309885,0.0630997796799512,0.23703964019017,0.132784293785897
1.60451811525036,0.131087483039623,0.0626318369741996,0.235633467559884,0.1310079850667
1.60479148184328,0.130275077201786,0.0621308703145401,0.234710079877438,0.130939948286115
1.61347037899008,0.129465277214758,0.0616704024823271,0.233637765217058,0.128795213516852
1.61694522387964,0.128660833025622,0.0612667046023828,0.232515964388156,0.127944791919944
1.62085928655919,0.127861707126628,0.0608656528465806,0.231399574163349,0.12699251727047
1.62390859278504,0.127067862286915,0.0604672298424173,0.2302804164963,0.126254758742296
1.62591968568115,0.126279261550365,0.0600714183316678,0.229375373648695,0.125770159016901
1.63018230201559,0.125495868233479,0.059678201169631,0.228583136192338,0.124748184013706
1.63734671626389,0.124717645923264,0.0592875613243816,0.227412663341264,0.123046209666974
1.63878866744302,0.123944558475136,0.0588994818760265,0.226009368380464,0.122706031223821
1.63910802578651,0.12317657001085,0.0585028803865513,0.225338480032096,0.122630796773599
1.64018997497424,0.122413644916431,0.0580613845804362,0.224669584140613,0.122376199488454
1.64417987632817,0.121655747840138,0.0576232209021089,0.223992187319259,0.121441162406441
1.64963214434768,0.120902843690434,0.057171577829765,0.223069101316432,0.120173150077441
1.65145258096324,0.120115813962938,0.0566319478852835,0.221820756115352,0.119752270331921
1.66049046424441,0.119334283604236,0.0560657783312335,0.220576813938403,0.117681093601687
1.665093127144,0.118558211435323,0.0555052745060402,0.219339847684248,0.116637992553179
1.66593659071286,0.117787556606974,0.0549511155948188,0.218109818232186,0.116447687797478
1.67011947041638,0.117022278596923,0.0544033537127878,0.2168866866809,0.115507806715252
1.68072629172118,0.116262337207074,0.0538904031530712,0.215669703374712,0.113153203232739
1.68469799780843,0.115507692560737,0.053573755186111,0.214459192245016,0.112282048098629
1.69170668994834,0.114758295403106,0.0531711721768879,0.21325547594194,0.110758625472339
1.6935707233302,0.114014116262175,0.0527850163362343,0.212062369067157,0.110356420315687
1.69861796118546,0.113275116208687,0.0524138312797783,0.210938923636219,0.1092735886319
1.70596311514731,0.112541256623974,0.0519593856098649,0.209797027189827,0.107713895974255
1.70602899108193,0.111812499197324,0.0516134917558152,0.208604267600867,0.107699993768145
1.70914483468544,0.111088805923359,0.0512004030199375,0.207413402615754,0.107044178796525
1.70948502227318,0.110370139099436,0.0508909641618817,0.206414895325816,0.106972783112628
1.71171837675476,0.109656461323083,0.0505834139405992,0.205162773705427,0.106505071093911
1.71843772959296,0.108947735489443,0.0502492856075471,0.203913550387683,0.105108379082084
1.71976463336613,0.108243924788756,0.0499137453259463,0.202762340285119,0.104834420245797
1.7201208128617,0.107544992703852,0.0495415866583616,0.201629623257722,0.104760985416325
1.72544953171814,0.106850903007669,0.049142606262019,0.200753237313083,0.103667567853643
1.72954411823422,0.1061600600614,0.0487469945304484,0.200087459552639,0.102834012892519
1.73113144379577,0.105474007577753,0.0483547067898902,0.199423901365635,0.102512415248882
1.73306501498457,0.104792710003163,0.0479655843134334,0.198762555297322,0.102121827302352
1.73317049264352,0.104116132065913,0.0475796015154845,0.198043773644723,0.102100557056424
1.7338122720657,0.103444238773753,0.0472982437254785,0.197090374788873,0.101971219641384
1.74855666478982,0.102776995411543,0.0470401723601617,0.196016927873741,0.0990381044820312
1.75128734716014,0.102114367538916,0.0467835091599096,0.194969970196638,0.0985028853834713
1.75227682346776,0.101456320987956,0.0465282464407284,0.194114485019855,0.0983095582554641
1.75736704542096,0.100802821860909,0.0462743765605556,0.19332322812046,0.0973201414374096
1.75812086386882,0.100153836527901,0.0459221337916438,0.192397237923757,0.0971743450307996
1.77350319326337,0.0995092720525929,0.0456567193615355,0.191471067720791,0.0942398772770534
1.77403203612723,0.0988691556717881,0.0453485954304923,0.190502646753507,0.0941403583710843
1.77725452747594,0.0982334545383964,0.0450338667364756,0.189537994798699,0.0935358911725638
1.7823393159012,0.0976021360643756,0.0446420535972021,0.188653123526062,0.0925888826378136
1.78380472252919,0.0969751679185551,0.0441786336908696,0.187569512460336,0.0923174952860966
1.79122832199756,0.0963525180244793,0.0437210028922764,0.186492129783196,0.0909531637869536
1.79990088192098,0.0957341545582694,0.0432701589632292,0.18542093967477,0.0893813137388664
1.80198565159632,0.0951200459465054,0.0428239775080437,0.184694840026245,0.0890069709345825
1.80686174561595,0.0945101608641258,0.0424697456903335,0.184030353051356,0.0881366905770712
1.80996778330401,0.0939045860050507,0.0421865623543754,0.183332204875248,0.0875861638878519
1.81269345585164,0.0933031715506058,0.0419670559373302,0.182455634596099,0.0871055022198312
1.81653162380867,0.0927058869173467,0.0416717842567169,0.181682418124103,0.0864325189210826
1.83764837863651,0.0921127017619198,0.041322032951767,0.180962366197153,0.0828097132140118
1.83793095874009,0.091523585979055,0.041037768694379,0.180238231927706,0.0827621389322987
1.845436390811,0.0909385096995748,0.0407554632803234,0.179473267134103,0.0815071858609593
1.8486616526693,0.0903572407465719,0.0404757385294624,0.178468918571522,0.0809729913793797
1.84916232128093,0.0897799549290975,0.0401997310224194,0.177470202553594,0.0808903393832516
1.85096987071397,0.0892066230480311,0.0399256059800957,0.176469672490754,0.0805925520156242
1.85387043829981,0.0886372161327939,0.0396533505612801,0.175555068446183,0.0801166815327357
1.85592278103261,0.0880717054394439,0.0393829520123711,0.174706059193283,0.0797814468092093
1.85603468543578,0.0875100624487868,0.0391143976667791,0.173861159692781,0.0797632031290799
1.85628842682336,0.0869522588645048,0.0388476749443326,0.173020350028923,0.0797218493019387
1.86048210840504,0.0863982666113009,0.0385827713506888,0.172188113303348,0.0790410700856364
1.86464151479835,0.0858480578330605,0.0382612333577296,0.171362306796465,0.0783708486748995
1.86759437644077,0.0853016048910288,0.0378904170670275,0.170540462653248,0.0778980453445718
1.87397614257776,0.0847588803620038,0.0375273957805579,0.16972256185395,0.0768846804897952
1.87988230183348,0.0842198570365465,0.037230180720038,0.168908585470154,0.0759570765462569
1.88019459949017,0.0836845079172056,0.0369700078745056,0.168093111838013,0.0759083003718882
1.88432707664374,0.0831528062167586,0.0367116531995453,0.16727666248518,0.0752654335932652
1.88703286656941,0.082614045451259,0.0364551039890284,0.166253955224963,0.0748470825958352
1.88870590418108,0.0820790175336962,0.0362003476256233,0.165180167113066,0.0745894238145002
1.89442340774451,0.0815476949144883,0.0359473715801746,0.164103671151896,0.0737147174348978
1.89450285582537,0.0810200502600193,0.0356522522392508,0.163034191550144,0.0737026261580342
1.89516327478742,0.0804960564508447,0.0353850467904361,0.161971682572315,0.0736021833208642
1.89626829130127,0.0799756865799139,0.0351210748486038,0.160916098781066,0.0734343888389206
1.8998720907043,0.0794589139508071,0.0348295203646972,0.159867395035258,0.0728894760121559
1.90281716696223,0.0789457120759884,0.0345403875878228,0.159138831074558,0.0724467889781382
1.90701440366158,0.0784360546750741,0.0342536563895683,0.15827220188109,0.0718199412844511
1.91229852361409,0.0779299156731158,0.0339693068089478,0.157407644410302,0.0710375101436425
1.91501494497626,0.0774272691988992,0.0336873190510082,0.156778526519831,0.0706381904417045
1.91676468246573,0.0769280895832568,0.0333234406222573,0.156151923269343,0.0703820156279922
1.92166098984258,0.0764323513573965,0.0329453680519647,0.155525376015712,0.0696694716989661
1.92374566811072,0.075940029251244,0.0325715876558137,0.154826312072073,0.0693680157177958
1.92774584112552,0.0754211801854423,0.0322020506794827,0.154256725156786,0.0687927638447841
1.92878525554996,0.0749062153241587,0.031836708922696,0.153500417094113,0.0686439743018064
1.9348786397375,0.0743951028125873,0.0314755147329256,0.152622653495536,0.0677773770142205
1.94335784208546,0.0738878110831486,0.0311701983525671,0.151749920822351,0.066587426337479
1.95572672749279,0.0733843088526212,0.030871152486836,0.150882190192896,0.0648844710860612
1.96766991233135,0.0727565817973509,0.03041389669864,0.150019432891505,0.0632765405339477
1.96883750343992,0.0721348642538457,0.0300631198000619,0.14915639185003,0.0631212415208637
1.97978532663305,0.0715190923969952,0.029718515698477,0.148296622551536,0.06168132295713
1.98025780181655,0.0709092031469551,0.0292297874772473,0.147441809166878,0.0616198365105957
1.99187108560189,0.0703051341596788,0.0287202665259852,0.14659192312888,0.0601253910335934
1.9987033820919,0.0697068238175774,0.028221603118401,0.145746936035034,0.059261187964619
2.00238714759654,0.0691142112203084,0.0277942758886166,0.14490681964655,0.0587997971595384
2.00243129559404,0.068527236175689,0.0274466010418512,0.144071545887419,0.058794286906818
2.00787043949287,0.0679435223496918,0.0271068910056898,0.143241086843465,0.0581188865054167
2.00927788627667,0.0673654091011261,0.0267738063876004,0.142463804193368,0.0579452375034702
2.01249197619641,0.0667928365082819,0.0264455950902723,0.141882709931783,0.0575504037647427
2.0200254872196,0.0662257453561667,0.0261285317924204,0.141303815291841,0.0566342513592395
2.02047142082958,0.0656640771274373,0.0258620148356468,0.140727298376758,0.0565804275830033
2.02468881111676,0.0651077739934568,0.0255221534589058,0.140032167065127,0.0560736243004503
2.02717724429028,0.0645567788054742,0.0251645203371416,0.139172250180022,0.0557764762999504
2.03192182642292,0.0640110350859254,0.0248459140670948,0.138316472070711,0.0552137750599127
2.03726115427272,0.063470487019854,0.02443246965398,0.137465956539718,0.0545865503968077
2.04121354277211,0.0629350794464491,0.0240287072127498,0.136620671222951,0.0541263245541884
2.04537385457737,0.0624049033528987,0.0236563018169369,0.135872952712309,0.0536456034334598
2.04825359846522,0.0618797564971538,0.0232896740680957,0.135320814725532,0.053315070313781
2.05650042079502,0.0613595857215189,0.0229405333720292,0.134579216979709,0.0523784759702097
2.06473401837759,0.0608443384871204,0.0226347788381694,0.133798295326846,0.0514579711375425
2.0684892841119,0.0603339628660735,0.0222186772631807,0.133033264648778,0.0510429264361179
2.06850707077425,0.0598284075337542,0.021870046447648,0.132392429692864,0.0510409676872058
2.07149944612617,0.0593276217611773,0.0215284297701594,0.131535831657207,0.0507123822527433
2.07756429613366,0.0588315554074773,0.0211950776228842,0.130703724656261,0.0500521735430589
2.08339678879078,0.0583410004802956,0.0208668946029008,0.129940424808051,0.0494244751133521
2.08408725107794,0.0578550499142843,0.0206101931182908,0.129181388142667,0.049350632157063
2.08420397929478,0.0573736555410671,0.0203649430760767,0.128426785468511,0.0493381581088465
2.09054337892102,0.0568967697477856,0.0201226185016329,0.127676590883124,0.04866490130943
2.0909887281855,0.0564243454701235,0.0198137221999107,0.126930778635372,0.0486179130505019
2.10465642039847,0.0559563361854241,0.0194287418455779,0.126189323124557,0.0471953452844753
2.10960175997089,0.0554926959059005,0.0190512491086047,0.12545219889954,0.0466898297531884
2.110363785443,0.0550333791719382,0.0186949226880736,0.124719380657868,0.0466123656034354
2.11315967250811,0.054578341045487,0.0184018514343681,0.123990843244903,0.0463291282975682
2.11386002143552,0.054127537103542,0.0181140359400432,0.123266561652961,0.0462584201915449
2.12350444542093,0.0536170445786318,0.0178325320332668,0.12246069410117,0.0452944465110808
2.12623526851406,0.0531119247037876,0.0175572109810891,0.121597014615041,0.0450247726478699
2.12996842600117,0.0526121146945536,0.0173759329781238,0.120610990706736,0.0446584350384245
2.14882098720437,0.0521175525821254,0.0171997187004752,0.119688901221238,0.0428487716619043
2.15086409354668,0.0516281772015044,0.0170253045586901,0.118859346411801,0.0426566449470406
2.15221263740684,0.0511439281798458,0.0167940982635761,0.11813641080489,0.0425302549496784
2.15578249813607,0.0506647459249968,0.0165312616397511,0.117417872848986,0.0421972912581043
2.15929434557825,0.0501905716142201,0.0162883458811358,0.116703705789365,0.0418720161233244
2.16256524412553,0.0497184236846999,0.0160133195098513,0.115993883034097,0.0415710784085457
2.17637307419669,0.0492512079296359,0.0157582602638457,0.115288378153056,0.0403219245959414
2.17971682833878,0.0487888676386856,0.0155072670723481,0.114587164876939,0.0400245297735755
2.18578661472754,0.0483313468173207,0.0152602750505414,0.113890217096281,0.0394897009097565
2.19971861983792,0.0478785901768791,0.0150172203502447,0.11319750886049,0.0382862727634928
2.20186061815267,0.0474252433417889,0.0147791387918566,0.11249448288763,0.0381041987512923
2.20341326969097,0.0469767197632701,0.0145451881507715,0.111763551611499,0.0379727068229366
2.21438364445361,0.046532961472139,0.0143149412224301,0.111037370074733,0.0370551949580709
2.21484149452774,0.0460939113060527,0.0140884400537062,0.110315907409378,0.0370173393073658
2.21858561114038,0.0456595128959774,0.0138660513448478,0.109597205409232,0.0367090729584979
2.21955751972378,0.0452297106529366,0.0136471756622915,0.108881954005189,0.0366294305508864
2.23342287925742,0.0448044497550337,0.0134317574776039,0.108147060552969,0.0355100416851131
2.23714734817411,0.0443836761347404,0.0132217013606516,0.10736834041875,0.0352146481632202
2.24466389289017,0.0439724227881952,0.0130476012106638,0.106656822269331,0.0346252282108773
2.24494231883978,0.043565466397674,0.0128757960138265,0.106032325489976,0.03460356676971
2.2469976123954,0.0431627563512409,0.0126533572507839,0.105383995379176,0.0344440429749451
2.24709628857679,0.0427642427217631,0.0124178507303234,0.104699878256225,0.0344364008149999
2.25045662218463,0.0423698762558656,0.0122040572172213,0.104020203342748,0.0341770637387364
2.25189102959317,0.0419796083631059,0.0120105446435759,0.103344941787189,0.0340668989709521
2.25587399125118,0.0415933911053618,0.0118204237550314,0.102681958640747,0.033762677539636
2.26131213048191,0.041211177186428,0.0116368102055637,0.10211020663494,0.0333512640595144
2.27055389263145,0.040832919941817,0.0114469804470903,0.101541638442163,0.0326624552464611
2.27075485204471,0.0404585733287581,0.0112260066228971,0.10097623633216,0.0326476209784657
2.27180774978385,0.0400880919163906,0.0110349072076374,0.100413982673423,0.0325699983283894
2.2827545672692,0.0397152464008075,0.0108616716914258,0.0998548599326352,0.0317727826181124
2.28377031993887,0.0393463338525393,0.0106738309300526,0.099298850674128,0.0316997102014999
2.28479898553049,0.0389813073913423,0.0104892396708563,0.0987459375593361,0.0316258636037727
2.28763530432593,0.0386201207747493,0.0103078416844701,0.098196103346257,0.0314230523010927
2.29433421430052,0.0382627283879357,0.0101437898584915,0.0976493308889128,0.0309487042546914
2.30094028659821,0.0379090852337767,0.00998716474800353,0.0971056031368153,0.0304872793223856
2.3028879704469,0.0375591469230934,0.00983295894576543,0.0965489100326184,0.0303524290359024
2.30592878523394,0.037212869665083,0.00968220867129937,0.0959858851161533,0.0301429730446057
2.31272268533941,0.0368702102579281,0.0095338569536555,0.0954250589411684,0.0296797165682749
2.31343279563359,0.0365311260795824,0.00938705229901251,0.0948673706492925,0.02963167009882
2.31804253479846,0.0361955750787274,0.00924222054295386,0.0942958222261276,0.0293214809252945
2.32710125449886,0.0356712077941116,0.0091067390728213,0.093421366932286,0.0287204725532187
2.34140365897278,0.035155547446963,0.00896021021583264,0.092668933826669,0.0277942647211818
2.34688509620389,0.0346484312885337,0.00882071905661666,0.091925498458895,0.0274465334495698
2.34837089341518,0.0341496999409654,0.00868341030989753,0.0911474517914414,0.0273529598621723
2.34965761460337,0.0336591973208977,0.00843234482479462,0.0903760060060868,0.0272721578187082
2.35687958843959,0.0331767705649528,0.00817822512861654,0.0896019111909118,0.0268226469188517
2.35724749652538,0.0327022699570445,0.00799280515007838,0.0888339602765779,0.0267999286249486
2.36433004756169,0.0322358918167902,0.00782159381692366,0.0880713092964672,0.0263659734072085
2.37333669733455,0.0317771343996394,0.00770022748561246,0.0873147296660856,0.0258233485316094
2.38062545739981,0.0313258575437242,0.00750939148134786,0.0865758324052819,0.0253916735528553
2.39118504368658,0.0308819239442898,0.00741633443268136,0.0858442984969627,0.0247779175800719
2.39334075897635,0.0304451990899317,0.00732370420962905,0.0851189674760752,0.0246542919643484
2.39545081530459,0.0300155512003767,0.00714017334106336,0.0843997866298687,0.0245338286246086
2.40623085546045,0.0295954046518747,0.0069621674468617,0.0836799354058649,0.0239267134137342
2.41272761642703,0.029182028970754,0.00679879797750926,0.0829641448023086,0.0235674655071632
2.41520307836483,0.0287753007861724,0.00661803131693907,0.0822544788668316,0.0234318791139781
2.41696102766458,0.0283750992255041,0.0064365989884998,0.0815508851760806,0.0233360244502394
2.42344518090345,0.0279813058589077,0.00626608572912409,0.0808533117555796,0.0229855486996333
2.42502359094479,0.0275938046452274,0.00609049895346294,0.0801617070758849,0.0229009632710099
2.43253983776494,0.0272124818791917,0.00595193457661438,0.0794760200487733,0.0225020553141588
2.46103071976207,0.0268062033509921,0.00582589603295391,0.0787889765284325,0.0210468546117245
2.47082656431495,0.0264068332460856,0.00568825326937155,0.0778993724284014,0.020566731875332
2.48846585286757,0.0260110848313325,0.00557064276446799,0.0771164614970138,0.019727351845702
2.49845801463016,0.0256220619598925,0.00546160945615874,0.0764070641433928,0.0192658914077757
2.51105551908245,0.025239637370323,0.0053913811454391,0.0757038244228799,0.018698199663096
2.51824225735128,0.0248533481773164,0.00526233998559429,0.0750053951530232,0.018381244395978
2.52220006279746,0.0244738479724786,0.0051370811344457,0.0743134104060189,0.0182088042199146
2.52521492587839,0.0241010018196304,0.00502090117241814,0.0736278107091036,0.018078444255597
2.53692920943935,0.0237346777874372,0.00490422263591365,0.0729485371384222,0.0175800108128329
2.54210131366781,0.0233747468745514,0.00477719692911664,0.0722755313139617,0.0173639804592154
2.54546076210608,0.0230210829368461,0.00466240532508804,0.0716087353945311,0.0172249698128328
2.55173073422603,0.0226735626166763,0.00455456868342417,0.0709480920727874,0.0169682536691926
2.55297789952841,0.0223320652741044,0.00449721382852087,0.0702935445703081,0.0169176108325969
2.5543338116801,0.0219998901057751,0.00438421893347517,0.0696450366327092,0.0168627096865456
2.55715650551377,0.0216733951149203,0.0042666732251455,0.0690025125248074,0.0167489427507328
2.55797161093928,0.0213524703371883,0.00415234990996566,0.0683659170258279,0.01671622185355
2.55886428013828,0.0210370081935846,0.0040471012481945,0.0677351954246563,0.0166804546718
2.5625465417713,0.0207269034326148,0.00395589610583911,0.0671102935151337,0.0165336568467922
2.56281240899875,0.0204220530740034,0.00386698579480211,0.066491157591396,0.0165231038059761
2.5677839296491,0.0201223563539379,0.00378007400384016,0.0658777344432558,0.0163269061056061
2.57078184099074,0.0198277146717943,0.0036951158049409,0.0652699713516271,0.0162096326643485
2.57110179281405,0.0195380315382966,0.00361206728023194,0.0646678160839919,0.0161971624978575
2.57637539813285,0.0192532125250685,0.00353088549926631,0.0640712168899092,0.0159928894000382
2.5778258139934,0.0189731652155352,0.00341060638720211,0.0636030176641097,0.015937124307121
2.58604608131417,0.0186977991571333,0.00329213869650773,0.0631423004539204,0.0156244382568087
2.59052654276858,0.0184270258147913,0.00321999138048951,0.0626849232579586,0.0154563942758315
2.59844961486171,0.0181390671319534,0.00314998183654467,0.0620122293257408,0.0151632964037284
2.59992236703741,0.0178562567745345,0.00304973405797593,0.0613467767755356,0.01510938203623
2.6035003550552,0.0175784899485563,0.00297969815954295,0.0606884873341152,0.0149791336702272
2.60564302611977,0.017305664287203,0.0029113293213247,0.0600109336945108,0.0149016303663877
2.60887710018003,0.0170376797867599,0.00281671325096545,0.0594010969743287,0.0147853485588185
2.61131330552784,0.016774438744479,0.00268402517848303,0.0587714473491062,0.0146983067281987
2.61146510547281,0.016515845698304,0.00261187444102926,0.0581484747927558,0.0146928988025075
2.61685291629729,0.0162618073683939,0.00251902794447826,0.0575291456719908,0.0145021388908227
2.63074420467589,0.0160122326003818,0.00245291477142452,0.0568383621946623,0.0140207828185882
2.63845450613779,0.0157554518434666,0.00239137078740901,0.0560370087641015,0.0137600074326304
2.64380997187756,0.0155034078791005,0.00233149810498918,0.0555033075921409,0.0135815169475956
2.66574108065636,0.0152560017766287,0.00226599315095293,0.054637598577219,0.0128726405860474
2.66764475204659,0.0150131369333929,0.00221496582770757,0.0537854147131384,0.0128127483781457
2.68232636418071,0.0147462553117839,0.00213912352560089,0.0529465444322811,0.0123594182989883
2.69883632169628,0.0144849209564348,0.00205816595938137,0.0521207794795396,0.011867365608228
2.70126172434059,0.0142290016889555,0.00198085490804017,0.0513079148604172,0.0117966259111576
2.70782035111566,0.0139783689047264,0.00190676088650839,0.0505077487899418,0.0116072845487712
2.70785223907915,0.0137328974637829,0.0018352541027915,0.0498671461621292,0.0116063708807603
2.71284624536967,0.0134760961314762,0.00176599531361432,0.0496068691353215,0.0114640988423255
2.73238038139689,0.0132249611558398,0.00171007363060026,0.0493480046790441,0.010922962756835
2.73570154551729,0.012979347608446,0.00166317991309373,0.0490905445180094,0.0108333473280464
2.75453296485564,0.0127326848263365,0.00161757675159443,0.0480840695381616,0.0103379666069902
2.76440502602407,0.0124915196464257,0.00157322845567338,0.046266469707683,0.0100867421440411
2.77320411859973,0.0122557109661926,0.0015247232824723,0.0456885130681134,0.00986760721094448
2.78996569030801,0.0120028558744506,0.0014650717527005,0.0451279193029445,0.00946234554859637
2.79766170724164,0.0117562069823278,0.00140798632858621,0.0445188869628693,0.00928149593524152
2.80173528809866,0.0115155828189489,0.00135323780062107,0.0439603873319521,0.00918707478608272
2.80247731635048,0.0112808082473049,0.00130065690619593,0.0431358393640665,0.00916997174787515
2.81762814073637,0.011051714202566,0.00125511088966171,0.0421320668634677,0.00882716282664986
2.82526798328194,0.0108281374429273,0.00122191624727676,0.0415591257993956,0.00865885437634162
2.83570712397147,0.010605066034169,0.00116582015655352,0.0409939997015332,0.00843369750046152
2.83715718833493,0.0103875022998308,0.00111365834446782,0.0404778198785884,0.00840285608068547
2.86635992791121,0.0101752835888722,0.00108501553772081,0.0399044098639838,0.00780364602506989
2.87541386434965,0.00996423431147032,0.00102322523927624,0.039488033941717,0.00762610703276856
2.87765621972751,0.00975841693402679,0.000964051299451484,0.0388479413643232,0.00758272175070818
2.88132212637185,0.00955767706863224,0.000929442495405531,0.0383151182645955,0.00751228846242458
2.88192383182765,0.00936186573971192,0.000899501285860683,0.0378049336223482,0.00750078626820117
2.88664523268031,0.00917083915998932,0.000870525324867783,0.0372995623756134,0.00741110001293621
2.89361400622882,0.008984458517278,0.000837717070604675,0.0369034050727185,0.00728054824283542
2.90214381164118,0.00880258977149975,0.00080492973632448,0.0365114590276336,0.00712367079782739
2.91623857482456,0.00860023445480657,0.000774871572609296,0.0363017478755526,0.00687133510010285
2.9264899695232,0.00840386043818248,0.00073764912804265,0.0359272879401586,0.00669307236660355
2.93724828491314,0.00821323827506839,0.000675731476672682,0.0350063445546882,0.00651064326994222
2.94673956686497,0.00798506169851171,0.000611183468825621,0.0342708874512794,0.00635356490796302
2.95340416107638,0.00776472985855362,0.000566787709914937,0.0335858187250947,0.00624539085143039
2.96192757254874,0.00755191001195099,0.000538614906173913,0.0329985447234634,0.00610955307251826
2.97858205366823,0.00734628691412057,0.000514933192848766,0.0323275198073454,0.00585206327223431
2.98245123002652,0.00714756168374814,0.000492296649032447,0.0316229007885777,0.00579371356842728
2.9873771530681,0.00695235425526369,0.000470573984808137,0.0309659598207415,0.0057202146871369
2.99365380259056,0.00676374156389541,0.000418948050425817,0.0302797092532264,0.00562782536611772
2.99747635596132,0.00658144927847687,0.000377314040578706,0.029153531316202,0.00557224520579047
3.00305342199451,0.0064052172402298,0.000351610897707813,0.0287192306782948,0.00549207510595595
3.03156207041054,0.00621844244515659,0.000327681060675783,0.0283765302573252,0.00509885970315649
3.04658834254352,0.00603835093117042,0.000305509375277849,0.0279289717702474,0.00490237459182685
3.05565480159316,0.00586465224653585,0.000290420600115919,0.0276730536718551,0.00478727723740469
3.07293903490949,0.00569216776948549,0.000265683982820574,0.0269971687226993,0.00457484259725816
3.07294267142664,0.00552593225634336,0.000247883117075173,0.0262475733809617,0.0045747988473458
3.11934336255002,0.00535143475889759,0.000232386451089133,0.0254145341542096,0.0040474218460097
3.1346205164384,0.00518379811817841,0.000220947258795424,0.0249071389691271,0.00388667083460359
3.1584032362908,0.00500844597343739,0.000200366872123849,0.0240513260984738,0.0036483156914987
3.1673903253583,0.00484063145843464,0.000182068208455293,0.0232270934811923,0.00356187885600812
3.19137011998535,0.00465815192178578,0.000166594788187171,0.0224331796180036,0.00334057825862311
3.20248326605049,0.00448435418639153,0.000153272875556805,0.0219912807968942,0.0032424690922217
3.21805188399717,0.00431873423526657,0.000141480375527879,0.0217119971294264,0.00310958201315714
3.24340988612974,0.00414717119734955,0.000126058165178016,0.0209549746757179,0.00290406596781134
3.25789299396795,0.00398436572724118,0.000114843051483709,0.020504006485672,0.00279250386686525
3.30681666633871,0.00369170172337195,9.88699440963789e-05,0.0194334433466843,0.00244481351095838
3.30845463110486,0.0034264153486673,8.50907530053527e-05,0.0185248599933643,0.00243391213165922
3.3271785364882,0.00318533321309626,6.67166494527664e-05,0.0177300156717626,0.00231251537535537
3.33739499504257,0.00296572743333823,5.35274542978028e-05,0.0167848217778528,0.00224871289049422
3.34333794093989,0.00266554238873837,4.23459502372773e-05,0.0154280988923665,0.00221236811574821
3.38254912699433,0.00239269943045695,3.19202434388216e-05,0.0142396020364485,0.00198613527393654
3.39322584025833,0.00215641104711993,2.27932962076921e-05,0.0128238740091971,0.00192843633052797
3.4057300681213,0.00195072470484431,1.68797491928283e-05,0.0117647563862436,0.00186287878759195
3.44904522376566,0.00174692175226065,1.17218616490452e-05,0.0107656171949093,0.00165173035834587
3.57759730323596,0.00144249358102741,6.9258506321629e-06,0.00952839490413772,0.00115067681867165
3.57793317368688,0.00120439116539066,4.62580184532237e-06,0.00855787971511041,0.00114958067196425
3.57885920613218,0.00101529050022008,2.84133440769494e-06,0.00763907799968106,0.00114656361236454
3.60681355943311,0.000863125831556313,1.60848082734429e-06,0.00652780625181959,0.00105895152960223
3.69519758721002,0.00073928237649537,1.07524079885862e-06,0.00559180962168853,0.000821953361887062
3.9675638939663,0.000637476246027356,6.30130722086855e-07,0.00490490205976028,0.000369419563305051
